seed,panel,weight,target_ratio,score
0,A,0.05,1.25,0.98
0,A,0.05,1.5,0.966667
0,A,0.05,2.0,0.95
0,A,0.15,1.25,0.94
0,A,0.15,1.5,0.9
0,A,0.15,2.0,0.85
0,A,0.3,1.25,0.88
0,A,0.3,1.5,0.8
0,A,0.3,2.0,0.7
0,B,0.05,1.25,1.0
0,B,0.05,1.5,1.0
0,B,0.05,2.0,0.975
0,B,0.15,1.25,1.0
0,B,0.15,1.5,1.0
0,B,0.15,2.0,0.925
0,B,0.3,1.25,1.0
0,B,0.3,1.5,1.0
0,B,0.3,2.0,0.85
0,C,0.05,1.25,1.0
0,C,0.05,1.5,1.0
0,C,0.05,2.0,0.9875
0,C,0.15,1.25,1.0
0,C,0.15,1.5,1.0
0,C,0.15,2.0,0.9625
0,C,0.3,1.25,1.0
0,C,0.3,1.5,1.0
0,C,0.3,2.0,0.925
0,D,0.05,1.25,1.0
0,D,0.05,1.5,0.983333
0,D,0.05,2.0,0.9625
0,D,0.15,1.25,1.0
0,D,0.15,1.5,0.95
0,D,0.15,2.0,0.8875
0,D,0.3,1.25,1.0
0,D,0.3,1.5,0.9
0,D,0.3,2.0,0.775
0,E,0.05,1.25,1.0
0,E,0.05,1.5,1.0
0,E,0.05,2.0,1.0
0,E,0.15,1.25,1.0
0,E,0.15,1.5,1.0
0,E,0.15,2.0,1.0
0,E,0.3,1.25,1.0
0,E,0.3,1.5,1.0
0,E,0.3,2.0,1.0
0,F,0.05,1.25,1.0
0,F,0.05,1.5,1.0
0,F,0.05,2.0,0.975
0,F,0.15,1.25,1.0
0,F,0.15,1.5,1.0
0,F,0.15,2.0,0.925
0,F,0.3,1.25,1.0
0,F,0.3,1.5,1.0
0,F,0.3,2.0,0.85
1,A,0.05,1.25,0.98
1,A,0.05,1.5,0.966667
1,A,0.05,2.0,0.95
1,A,0.15,1.25,0.94
1,A,0.15,1.5,0.9
1,A,0.15,2.0,0.85
1,A,0.3,1.25,0.88
1,A,0.3,1.5,0.8
1,A,0.3,2.0,0.7
1,B,0.05,1.25,1.0
1,B,0.05,1.5,1.0
1,B,0.05,2.0,0.975
1,B,0.15,1.25,1.0
1,B,0.15,1.5,1.0
1,B,0.15,2.0,0.925
1,B,0.3,1.25,1.0
1,B,0.3,1.5,1.0
1,B,0.3,2.0,0.85
1,C,0.05,1.25,1.0
1,C,0.05,1.5,1.0
1,C,0.05,2.0,0.9875
1,C,0.15,1.25,1.0
1,C,0.15,1.5,1.0
1,C,0.15,2.0,0.9625
1,C,0.3,1.25,1.0
1,C,0.3,1.5,1.0
1,C,0.3,2.0,0.925
1,D,0.05,1.25,1.0
1,D,0.05,1.5,0.983333
1,D,0.05,2.0,0.9625
1,D,0.15,1.25,1.0
1,D,0.15,1.5,0.95
1,D,0.15,2.0,0.8875
1,D,0.3,1.25,1.0
1,D,0.3,1.5,0.9
1,D,0.3,2.0,0.775
1,E,0.05,1.25,1.0
1,E,0.05,1.5,1.0
1,E,0.05,2.0,1.0
1,E,0.15,1.25,1.0
1,E,0.15,1.5,1.0
1,E,0.15,2.0,1.0
1,E,0.3,1.25,1.0
1,E,0.3,1.5,1.0
1,E,0.3,2.0,1.0
1,F,0.05,1.25,1.0
1,F,0.05,1.5,1.0
1,F,0.05,2.0,0.975
1,F,0.15,1.25,1.0
1,F,0.15,1.5,1.0
1,F,0.15,2.0,0.925
1,F,0.3,1.25,1.0
1,F,0.3,1.5,1.0
1,F,0.3,2.0,0.85
2,A,0.05,1.25,0.98
2,A,0.05,1.5,0.966667
2,A,0.05,2.0,0.95
2,A,0.15,1.25,0.94
2,A,0.15,1.5,0.9
2,A,0.15,2.0,0.85
2,A,0.3,1.25,0.88
2,A,0.3,1.5,0.8
2,A,0.3,2.0,0.7
2,B,0.05,1.25,1.0
2,B,0.05,1.5,1.0
2,B,0.05,2.0,0.975
2,B,0.15,1.25,1.0
2,B,0.15,1.5,1.0
2,B,0.15,2.0,0.925
2,B,0.3,1.25,1.0
2,B,0.3,1.5,1.0
2,B,0.3,2.0,0.85
2,C,0.05,1.25,1.0
2,C,0.05,1.5,1.0
2,C,0.05,2.0,0.9875
2,C,0.15,1.25,1.0
2,C,0.15,1.5,1.0
2,C,0.15,2.0,0.9625
2,C,0.3,1.25,1.0
2,C,0.3,1.5,1.0
2,C,0.3,2.0,0.925
2,D,0.05,1.25,1.0
2,D,0.05,1.5,0.983333
2,D,0.05,2.0,0.9625
2,D,0.15,1.25,1.0
2,D,0.15,1.5,0.95
2,D,0.15,2.0,0.8875
2,D,0.3,1.25,1.0
2,D,0.3,1.5,0.9
2,D,0.3,2.0,0.775
2,E,0.05,1.25,1.0
2,E,0.05,1.5,1.0
2,E,0.05,2.0,1.0
2,E,0.15,1.25,1.0
2,E,0.15,1.5,1.0
2,E,0.15,2.0,1.0
2,E,0.3,1.25,1.0
2,E,0.3,1.5,1.0
2,E,0.3,2.0,1.0
2,F,0.05,1.25,1.0
2,F,0.05,1.5,1.0
2,F,0.05,2.0,0.975
2,F,0.15,1.25,1.0
2,F,0.15,1.5,1.0
2,F,0.15,2.0,0.925
2,F,0.3,1.25,1.0
2,F,0.3,1.5,1.0
2,F,0.3,2.0,0.85
3,A,0.05,1.25,0.98
3,A,0.05,1.5,0.966667
3,A,0.05,2.0,0.95
3,A,0.15,1.25,0.94
3,A,0.15,1.5,0.9
3,A,0.15,2.0,0.85
3,A,0.3,1.25,0.88
3,A,0.3,1.5,0.8
3,A,0.3,2.0,0.7
3,B,0.05,1.25,1.0
3,B,0.05,1.5,1.0
3,B,0.05,2.0,0.975
3,B,0.15,1.25,1.0
3,B,0.15,1.5,1.0
3,B,0.15,2.0,0.925
3,B,0.3,1.25,1.0
3,B,0.3,1.5,1.0
3,B,0.3,2.0,0.85
3,C,0.05,1.25,1.0
3,C,0.05,1.5,1.0
3,C,0.05,2.0,0.9875
3,C,0.15,1.25,1.0
3,C,0.15,1.5,1.0
3,C,0.15,2.0,0.9625
3,C,0.3,1.25,1.0
3,C,0.3,1.5,1.0
3,C,0.3,2.0,0.925
3,D,0.05,1.25,1.0
3,D,0.05,1.5,0.983333
3,D,0.05,2.0,0.9625
3,D,0.15,1.25,1.0
3,D,0.15,1.5,0.95
3,D,0.15,2.0,0.8875
3,D,0.3,1.25,1.0
3,D,0.3,1.5,0.9
3,D,0.3,2.0,0.775
3,E,0.05,1.25,1.0
3,E,0.05,1.5,1.0
3,E,0.05,2.0,1.0
3,E,0.15,1.25,1.0
3,E,0.15,1.5,1.0
3,E,0.15,2.0,1.0
3,E,0.3,1.25,1.0
3,E,0.3,1.5,1.0
3,E,0.3,2.0,1.0
3,F,0.05,1.25,1.0
3,F,0.05,1.5,1.0
3,F,0.05,2.0,0.975
3,F,0.15,1.25,1.0
3,F,0.15,1.5,1.0
3,F,0.15,2.0,0.925
3,F,0.3,1.25,1.0
3,F,0.3,1.5,1.0
3,F,0.3,2.0,0.85
4,A,0.05,1.25,0.98
4,A,0.05,1.5,0.966667
4,A,0.05,2.0,0.95
4,A,0.15,1.25,0.94
4,A,0.15,1.5,0.9
4,A,0.15,2.0,0.85
4,A,0.3,1.25,0.88
4,A,0.3,1.5,0.8
4,A,0.3,2.0,0.7
4,B,0.05,1.25,1.0
4,B,0.05,1.5,1.0
4,B,0.05,2.0,0.975
4,B,0.15,1.25,1.0
4,B,0.15,1.5,1.0
4,B,0.15,2.0,0.925
4,B,0.3,1.25,1.0
4,B,0.3,1.5,1.0
4,B,0.3,2.0,0.85
4,C,0.05,1.25,1.0
4,C,0.05,1.5,1.0
4,C,0.05,2.0,0.9875
4,C,0.15,1.25,1.0
4,C,0.15,1.5,1.0
4,C,0.15,2.0,0.9625
4,C,0.3,1.25,1.0
4,C,0.3,1.5,1.0
4,C,0.3,2.0,0.925
4,D,0.05,1.25,1.0
4,D,0.05,1.5,0.983333
4,D,0.05,2.0,0.9625
4,D,0.15,1.25,1.0
4,D,0.15,1.5,0.95
4,D,0.15,2.0,0.8875
4,D,0.3,1.25,1.0
4,D,0.3,1.5,0.9
4,D,0.3,2.0,0.775
4,E,0.05,1.25,1.0
4,E,0.05,1.5,1.0
4,E,0.05,2.0,1.0
4,E,0.15,1.25,1.0
4,E,0.15,1.5,1.0
4,E,0.15,2.0,1.0
4,E,0.3,1.25,1.0
4,E,0.3,1.5,1.0
4,E,0.3,2.0,1.0
4,F,0.05,1.25,1.0
4,F,0.05,1.5,1.0
4,F,0.05,2.0,0.975
4,F,0.15,1.25,1.0
4,F,0.15,1.5,1.0
4,F,0.15,2.0,0.925
4,F,0.3,1.25,1.0
4,F,0.3,1.5,1.0
4,F,0.3,2.0,0.85
5,A,0.05,1.25,0.98
5,A,0.05,1.5,0.966667
5,A,0.05,2.0,0.95
5,A,0.15,1.25,0.94
5,A,0.15,1.5,0.9
5,A,0.15,2.0,0.85
5,A,0.3,1.25,0.88
5,A,0.3,1.5,0.8
5,A,0.3,2.0,0.7
5,B,0.05,1.25,1.0
5,B,0.05,1.5,1.0
5,B,0.05,2.0,0.975
5,B,0.15,1.25,1.0
5,B,0.15,1.5,1.0
5,B,0.15,2.0,0.925
5,B,0.3,1.25,1.0
5,B,0.3,1.5,1.0
5,B,0.3,2.0,0.85
5,C,0.05,1.25,1.0
5,C,0.05,1.5,1.0
5,C,0.05,2.0,0.9875
5,C,0.15,1.25,1.0
5,C,0.15,1.5,1.0
5,C,0.15,2.0,0.9625
5,C,0.3,1.25,1.0
5,C,0.3,1.5,1.0
5,C,0.3,2.0,0.925
5,D,0.05,1.25,1.0
5,D,0.05,1.5,0.983333
5,D,0.05,2.0,0.9625
5,D,0.15,1.25,1.0
5,D,0.15,1.5,0.95
5,D,0.15,2.0,0.8875
5,D,0.3,1.25,1.0
5,D,0.3,1.5,0.9
5,D,0.3,2.0,0.775
5,E,0.05,1.25,1.0
5,E,0.05,1.5,1.0
5,E,0.05,2.0,1.0
5,E,0.15,1.25,1.0
5,E,0.15,1.5,1.0
5,E,0.15,2.0,1.0
5,E,0.3,1.25,1.0
5,E,0.3,1.5,1.0
5,E,0.3,2.0,1.0
5,F,0.05,1.25,1.0
5,F,0.05,1.5,1.0
5,F,0.05,2.0,0.975
5,F,0.15,1.25,1.0
5,F,0.15,1.5,1.0
5,F,0.15,2.0,0.925
5,F,0.3,1.25,1.0
5,F,0.3,1.5,1.0
5,F,0.3,2.0,0.85
6,A,0.05,1.25,0.98
6,A,0.05,1.5,0.966667
6,A,0.05,2.0,0.95
6,A,0.15,1.25,0.94
6,A,0.15,1.5,0.9
6,A,0.15,2.0,0.85
6,A,0.3,1.25,0.88
6,A,0.3,1.5,0.8
6,A,0.3,2.0,0.7
6,B,0.05,1.25,1.0
6,B,0.05,1.5,1.0
6,B,0.05,2.0,0.975
6,B,0.15,1.25,1.0
6,B,0.15,1.5,1.0
6,B,0.15,2.0,0.925
6,B,0.3,1.25,1.0
6,B,0.3,1.5,1.0
6,B,0.3,2.0,0.85
6,C,0.05,1.25,1.0
6,C,0.05,1.5,1.0
6,C,0.05,2.0,0.9875
6,C,0.15,1.25,1.0
6,C,0.15,1.5,1.0
6,C,0.15,2.0,0.9625
6,C,0.3,1.25,1.0
6,C,0.3,1.5,1.0
6,C,0.3,2.0,0.925
6,D,0.05,1.25,1.0
6,D,0.05,1.5,0.983333
6,D,0.05,2.0,0.9625
6,D,0.15,1.25,1.0
6,D,0.15,1.5,0.95
6,D,0.15,2.0,0.8875
6,D,0.3,1.25,1.0
6,D,0.3,1.5,0.9
6,D,0.3,2.0,0.775
6,E,0.05,1.25,1.0
6,E,0.05,1.5,1.0
6,E,0.05,2.0,1.0
6,E,0.15,1.25,1.0
6,E,0.15,1.5,1.0
6,E,0.15,2.0,1.0
6,E,0.3,1.25,1.0
6,E,0.3,1.5,1.0
6,E,0.3,2.0,1.0
6,F,0.05,1.25,1.0
6,F,0.05,1.5,1.0
6,F,0.05,2.0,0.975
6,F,0.15,1.25,1.0
6,F,0.15,1.5,1.0
6,F,0.15,2.0,0.925
6,F,0.3,1.25,1.0
6,F,0.3,1.5,1.0
6,F,0.3,2.0,0.85
7,A,0.05,1.25,0.98
7,A,0.05,1.5,0.966667
7,A,0.05,2.0,0.95
7,A,0.15,1.25,0.94
7,A,0.15,1.5,0.9
7,A,0.15,2.0,0.85
7,A,0.3,1.25,0.88
7,A,0.3,1.5,0.8
7,A,0.3,2.0,0.7
7,B,0.05,1.25,1.0
7,B,0.05,1.5,1.0
7,B,0.05,2.0,0.975
7,B,0.15,1.25,1.0
7,B,0.15,1.5,1.0
7,B,0.15,2.0,0.925
7,B,0.3,1.25,1.0
7,B,0.3,1.5,1.0
7,B,0.3,2.0,0.85
7,C,0.05,1.25,1.0
7,C,0.05,1.5,1.0
7,C,0.05,2.0,0.9875
7,C,0.15,1.25,1.0
7,C,0.15,1.5,1.0
7,C,0.15,2.0,0.9625
7,C,0.3,1.25,1.0
7,C,0.3,1.5,1.0
7,C,0.3,2.0,0.925
7,D,0.05,1.25,1.0
7,D,0.05,1.5,0.983333
7,D,0.05,2.0,0.9625
7,D,0.15,1.25,1.0
7,D,0.15,1.5,0.95
7,D,0.15,2.0,0.8875
7,D,0.3,1.25,1.0
7,D,0.3,1.5,0.9
7,D,0.3,2.0,0.775
7,E,0.05,1.25,1.0
7,E,0.05,1.5,1.0
7,E,0.05,2.0,1.0
7,E,0.15,1.25,1.0
7,E,0.15,1.5,1.0
7,E,0.15,2.0,1.0
7,E,0.3,1.25,1.0
7,E,0.3,1.5,1.0
7,E,0.3,2.0,1.0
7,F,0.05,1.25,1.0
7,F,0.05,1.5,1.0
7,F,0.05,2.0,0.975
7,F,0.15,1.25,1.0
7,F,0.15,1.5,1.0
7,F,0.15,2.0,0.925
7,F,0.3,1.25,1.0
7,F,0.3,1.5,1.0
7,F,0.3,2.0,0.85
8,A,0.05,1.25,0.98
8,A,0.05,1.5,0.966667
8,A,0.05,2.0,0.95
8,A,0.15,1.25,0.94
8,A,0.15,1.5,0.9
8,A,0.15,2.0,0.85
8,A,0.3,1.25,0.88
8,A,0.3,1.5,0.8
8,A,0.3,2.0,0.7
8,B,0.05,1.25,1.0
8,B,0.05,1.5,1.0
8,B,0.05,2.0,0.975
8,B,0.15,1.25,1.0
8,B,0.15,1.5,1.0
8,B,0.15,2.0,0.925
8,B,0.3,1.25,1.0
8,B,0.3,1.5,1.0
8,B,0.3,2.0,0.85
8,C,0.05,1.25,1.0
8,C,0.05,1.5,1.0
8,C,0.05,2.0,0.9875
8,C,0.15,1.25,1.0
8,C,0.15,1.5,1.0
8,C,0.15,2.0,0.9625
8,C,0.3,1.25,1.0
8,C,0.3,1.5,1.0
8,C,0.3,2.0,0.925
8,D,0.05,1.25,1.0
8,D,0.05,1.5,0.983333
8,D,0.05,2.0,0.9625
8,D,0.15,1.25,1.0
8,D,0.15,1.5,0.95
8,D,0.15,2.0,0.8875
8,D,0.3,1.25,1.0
8,D,0.3,1.5,0.9
8,D,0.3,2.0,0.775
8,E,0.05,1.25,1.0
8,E,0.05,1.5,1.0
8,E,0.05,2.0,1.0
8,E,0.15,1.25,1.0
8,E,0.15,1.5,1.0
8,E,0.15,2.0,1.0
8,E,0.3,1.25,1.0
8,E,0.3,1.5,1.0
8,E,0.3,2.0,1.0
8,F,0.05,1.25,1.0
8,F,0.05,1.5,1.0
8,F,0.05,2.0,0.975
8,F,0.15,1.25,1.0
8,F,0.15,1.5,1.0
8,F,0.15,2.0,0.925
8,F,0.3,1.25,1.0
8,F,0.3,1.5,1.0
8,F,0.3,2.0,0.85
9,A,0.05,1.25,0.98
9,A,0.05,1.5,0.966667
9,A,0.05,2.0,0.95
9,A,0.15,1.25,0.94
9,A,0.15,1.5,0.9
9,A,0.15,2.0,0.85
9,A,0.3,1.25,0.88
9,A,0.3,1.5,0.8
9,A,0.3,2.0,0.7
9,B,0.05,1.25,1.0
9,B,0.05,1.5,1.0
9,B,0.05,2.0,0.975
9,B,0.15,1.25,1.0
9,B,0.15,1.5,1.0
9,B,0.15,2.0,0.925
9,B,0.3,1.25,1.0
9,B,0.3,1.5,1.0
9,B,0.3,2.0,0.85
9,C,0.05,1.25,1.0
9,C,0.05,1.5,1.0
9,C,0.05,2.0,0.9875
9,C,0.15,1.25,1.0
9,C,0.15,1.5,1.0
9,C,0.15,2.0,0.9625
9,C,0.3,1.25,1.0
9,C,0.3,1.5,1.0
9,C,0.3,2.0,0.925
9,D,0.05,1.25,1.0
9,D,0.05,1.5,0.983333
9,D,0.05,2.0,0.9625
9,D,0.15,1.25,1.0
9,D,0.15,1.5,0.95
9,D,0.15,2.0,0.8875
9,D,0.3,1.25,1.0
9,D,0.3,1.5,0.9
9,D,0.3,2.0,0.775
9,E,0.05,1.25,1.0
9,E,0.05,1.5,1.0
9,E,0.05,2.0,1.0
9,E,0.15,1.25,1.0
9,E,0.15,1.5,1.0
9,E,0.15,2.0,1.0
9,E,0.3,1.25,1.0
9,E,0.3,1.5,1.0
9,E,0.3,2.0,1.0
9,F,0.05,1.25,1.0
9,F,0.05,1.5,1.0
9,F,0.05,2.0,0.975
9,F,0.15,1.25,1.0
9,F,0.15,1.5,1.0
9,F,0.15,2.0,0.925
9,F,0.3,1.25,1.0
9,F,0.3,1.5,1.0
9,F,0.3,2.0,0.85
10,A,0.05,1.25,0.98
10,A,0.05,1.5,0.966667
10,A,0.05,2.0,0.95
10,A,0.15,1.25,0.94
10,A,0.15,1.5,0.9
10,A,0.15,2.0,0.85
10,A,0.3,1.25,0.88
10,A,0.3,1.5,0.8
10,A,0.3,2.0,0.7
10,B,0.05,1.25,1.0
10,B,0.05,1.5,1.0
10,B,0.05,2.0,0.975
10,B,0.15,1.25,1.0
10,B,0.15,1.5,1.0
10,B,0.15,2.0,0.925
10,B,0.3,1.25,1.0
10,B,0.3,1.5,1.0
10,B,0.3,2.0,0.85
10,C,0.05,1.25,1.0
10,C,0.05,1.5,1.0
10,C,0.05,2.0,0.9875
10,C,0.15,1.25,1.0
10,C,0.15,1.5,1.0
10,C,0.15,2.0,0.9625
10,C,0.3,1.25,1.0
10,C,0.3,1.5,1.0
10,C,0.3,2.0,0.925
10,D,0.05,1.25,1.0
10,D,0.05,1.5,0.983333
10,D,0.05,2.0,0.9625
10,D,0.15,1.25,1.0
10,D,0.15,1.5,0.95
10,D,0.15,2.0,0.8875
10,D,0.3,1.25,1.0
10,D,0.3,1.5,0.9
10,D,0.3,2.0,0.775
10,E,0.05,1.25,1.0
10,E,0.05,1.5,1.0
10,E,0.05,2.0,1.0
10,E,0.15,1.25,1.0
10,E,0.15,1.5,1.0
10,E,0.15,2.0,1.0
10,E,0.3,1.25,1.0
10,E,0.3,1.5,1.0
10,E,0.3,2.0,1.0
10,F,0.05,1.25,1.0
10,F,0.05,1.5,1.0
10,F,0.05,2.0,0.975
10,F,0.15,1.25,1.0
10,F,0.15,1.5,1.0
10,F,0.15,2.0,0.925
10,F,0.3,1.25,1.0
10,F,0.3,1.5,1.0
10,F,0.3,2.0,0.85
11,A,0.05,1.25,0.98
11,A,0.05,1.5,0.966667
11,A,0.05,2.0,0.95
11,A,0.15,1.25,0.94
11,A,0.15,1.5,0.9
11,A,0.15,2.0,0.85
11,A,0.3,1.25,0.88
11,A,0.3,1.5,0.8
11,A,0.3,2.0,0.7
11,B,0.05,1.25,1.0
11,B,0.05,1.5,1.0
11,B,0.05,2.0,0.975
11,B,0.15,1.25,1.0
11,B,0.15,1.5,1.0
11,B,0.15,2.0,0.925
11,B,0.3,1.25,1.0
11,B,0.3,1.5,1.0
11,B,0.3,2.0,0.85
11,C,0.05,1.25,1.0
11,C,0.05,1.5,1.0
11,C,0.05,2.0,0.9875
11,C,0.15,1.25,1.0
11,C,0.15,1.5,1.0
11,C,0.15,2.0,0.9625
11,C,0.3,1.25,1.0
11,C,0.3,1.5,1.0
11,C,0.3,2.0,0.925
11,D,0.05,1.25,1.0
11,D,0.05,1.5,0.983333
11,D,0.05,2.0,0.9625
11,D,0.15,1.25,1.0
11,D,0.15,1.5,0.95
11,D,0.15,2.0,0.8875
11,D,0.3,1.25,1.0
11,D,0.3,1.5,0.9
11,D,0.3,2.0,0.775
11,E,0.05,1.25,1.0
11,E,0.05,1.5,1.0
11,E,0.05,2.0,1.0
11,E,0.15,1.25,1.0
11,E,0.15,1.5,1.0
11,E,0.15,2.0,1.0
11,E,0.3,1.25,1.0
11,E,0.3,1.5,1.0
11,E,0.3,2.0,1.0
11,F,0.05,1.25,1.0
11,F,0.05,1.5,1.0
11,F,0.05,2.0,0.975
11,F,0.15,1.25,1.0
11,F,0.15,1.5,1.0
11,F,0.15,2.0,0.925
11,F,0.3,1.25,1.0
11,F,0.3,1.5,1.0
11,F,0.3,2.0,0.85
