gray,hex,contrast_ratio,capped_v1,uncapped_v1,success,essential_constraints_pass,constraints,visibility,contrast,layout
0,#000000,19.555999999999997,1.0,1.0,True,True,1.0,1.0,1.0,1.0
1,#010101,19.438000844747478,1.0,1.0,True,True,1.0,1.0,1.0,1.0
2,#020202,19.321417141486233,1.0,1.0,True,True,1.0,1.0,1.0,1.0
3,#030303,19.20622357360043,1.0,1.0,True,True,1.0,1.0,1.0,1.0
4,#040404,19.09239542464292,1.0,1.0,True,True,1.0,1.0,1.0,1.0
5,#050505,18.979908560655158,1.0,1.0,True,True,1.0,1.0,1.0,1.0
6,#060606,18.868739413108415,1.0,1.0,True,True,1.0,1.0,1.0,1.0
7,#070707,18.758864962441038,1.0,1.0,True,True,1.0,1.0,1.0,1.0
8,#080808,18.650262722167543,1.0,1.0,True,True,1.0,1.0,1.0,1.0
9,#090909,18.542910723536522,1.0,1.0,True,True,1.0,1.0,1.0,1.0
10,#0A0A0A,18.43678750071539,1.0,1.0,True,True,1.0,1.0,1.0,1.0
11,#0B0B0B,18.32921268454136,1.0,1.0,True,True,1.0,1.0,1.0,1.0
12,#0C0C0C,18.21653547793224,1.0,1.0,True,True,1.0,1.0,1.0,1.0
13,#0D0D0D,18.099123030394274,1.0,1.0,True,True,1.0,1.0,1.0,1.0
14,#0E0E0E,17.977092781020065,1.0,1.0,True,True,1.0,1.0,1.0,1.0
15,#0F0F0F,17.85057287540878,1.0,1.0,True,True,1.0,1.0,1.0,1.0
16,#101010,17.719701422388855,1.0,1.0,True,True,1.0,1.0,1.0,1.0
17,#111111,17.584625724934273,1.0,1.0,True,True,1.0,1.0,1.0,1.0
18,#121212,17.44550148976781,1.0,1.0,True,True,1.0,1.0,1.0,1.0
19,#131313,17.30249202048872,1.0,1.0,True,True,1.0,1.0,1.0,1.0
20,#141414,17.155767399292657,1.0,1.0,True,True,1.0,1.0,1.0,1.0
21,#151515,17.005503662477604,1.0,1.0,True,True,1.0,1.0,1.0,1.0
22,#161616,16.851881974959397,1.0,1.0,True,True,1.0,1.0,1.0,1.0
23,#171717,16.695087808962274,1.0,1.0,True,True,1.0,1.0,1.0,1.0
24,#181818,16.535310131913516,1.0,1.0,True,True,1.0,1.0,1.0,1.0
25,#191919,16.372740608364172,1.0,1.0,True,True,1.0,1.0,1.0,1.0
26,#1A1A1A,16.207572820490775,1.0,1.0,True,True,1.0,1.0,1.0,1.0
27,#1B1B1B,16.04000151141382,1.0,1.0,True,True,1.0,1.0,1.0,1.0
28,#1C1C1C,15.870221855207916,1.0,1.0,True,True,1.0,1.0,1.0,1.0
29,#1D1D1D,15.698428757084226,1.0,1.0,True,True,1.0,1.0,1.0,1.0
30,#1E1E1E,15.524816186807694,1.0,1.0,True,True,1.0,1.0,1.0,1.0
31,#1F1F1F,15.34957654797761,1.0,1.0,True,True,1.0,1.0,1.0,1.0
32,#202020,15.172900085358771,1.0,1.0,True,True,1.0,1.0,1.0,1.0
33,#212121,14.994974332008773,1.0,1.0,True,True,1.0,1.0,1.0,1.0
34,#222222,14.815983597512291,1.0,1.0,True,True,1.0,1.0,1.0,1.0
35,#232323,14.63610849821084,1.0,1.0,True,True,1.0,1.0,1.0,1.0
36,#242424,14.45552552991227,1.0,1.0,True,True,1.0,1.0,1.0,1.0
37,#252525,14.274406683182272,1.0,1.0,True,True,1.0,1.0,1.0,1.0
38,#262626,14.09291910096431,1.0,1.0,True,True,1.0,1.0,1.0,1.0
39,#272727,13.9112247779471,1.0,1.0,True,True,1.0,1.0,1.0,1.0
40,#282828,13.729480300802644,1.0,1.0,True,True,1.0,1.0,1.0,1.0
41,#292929,13.547836628153716,1.0,1.0,True,True,1.0,1.0,1.0,1.0
42,#2A2A2A,13.366438908898575,1.0,1.0,True,True,1.0,1.0,1.0,1.0
43,#2B2B2B,13.18542633732255,1.0,1.0,True,True,1.0,1.0,1.0,1.0
44,#2C2C2C,13.00493204326044,1.0,1.0,True,True,1.0,1.0,1.0,1.0
45,#2D2D2D,12.825083015439585,1.0,1.0,True,True,1.0,1.0,1.0,1.0
46,#2E2E2E,12.646000056029601,1.0,1.0,True,True,1.0,1.0,1.0,1.0
47,#2F2F2F,12.46779776434946,1.0,1.0,True,True,1.0,1.0,1.0,1.0
48,#303030,12.290584547633882,1.0,1.0,True,True,1.0,1.0,1.0,1.0
49,#313131,12.11446265673707,1.0,1.0,True,True,1.0,1.0,1.0,1.0
50,#323232,11.939528244649857,1.0,1.0,True,True,1.0,1.0,1.0,1.0
51,#333333,11.765871445724784,1.0,1.0,True,True,1.0,1.0,1.0,1.0
52,#343434,11.593576473539452,1.0,1.0,True,True,1.0,1.0,1.0,1.0
53,#353535,11.422721735379975,1.0,1.0,True,True,1.0,1.0,1.0,1.0
54,#363636,11.253379961390811,1.0,1.0,True,True,1.0,1.0,1.0,1.0
55,#373737,11.085618346512737,1.0,1.0,True,True,1.0,1.0,1.0,1.0
56,#383838,10.919498703415238,1.0,1.0,True,True,1.0,1.0,1.0,1.0
57,#393939,10.755077624720993,1.0,1.0,True,True,1.0,1.0,1.0,1.0
58,#3A3A3A,10.59240665291681,1.0,1.0,True,True,1.0,1.0,1.0,1.0
59,#3B3B3B,10.431532456445636,1.0,1.0,True,True,1.0,1.0,1.0,1.0
60,#3C3C3C,10.272497010576755,1.0,1.0,True,True,1.0,1.0,1.0,1.0
61,#3D3D3D,10.11533778175446,1.0,1.0,True,True,1.0,1.0,1.0,1.0
62,#3E3E3E,9.96008791422844,1.0,1.0,True,True,1.0,1.0,1.0,1.0
63,#3F3F3F,9.806776417870621,1.0,1.0,True,True,1.0,1.0,1.0,1.0
64,#404040,9.655428356182693,1.0,1.0,True,True,1.0,1.0,1.0,1.0
65,#414141,9.50606503359489,1.0,1.0,True,True,1.0,1.0,1.0,1.0
66,#424242,9.358704181249605,1.0,1.0,True,True,1.0,1.0,1.0,1.0
67,#434343,9.213360140552423,1.0,1.0,True,True,1.0,1.0,1.0,1.0
68,#444444,9.07004404385764,1.0,1.0,True,True,1.0,1.0,1.0,1.0
69,#454545,8.928763991735527,1.0,1.0,True,True,1.0,1.0,1.0,1.0
70,#464646,8.78952522634368,1.0,1.0,True,True,1.0,1.0,1.0,1.0
71,#474747,8.6523303004952,1.0,1.0,True,True,1.0,1.0,1.0,1.0
72,#484848,8.517179242081818,1.0,1.0,True,True,1.0,1.0,1.0,1.0
73,#494949,8.384069713570605,1.0,1.0,True,True,1.0,1.0,1.0,1.0
74,#4A4A4A,8.252997166348578,1.0,1.0,True,True,1.0,1.0,1.0,1.0
75,#4B4B4B,8.123954989740465,1.0,1.0,True,True,1.0,1.0,1.0,1.0
76,#4C4C4C,7.996934654571365,1.0,1.0,True,True,1.0,1.0,1.0,1.0
77,#4D4D4D,7.871925851187934,1.0,1.0,True,True,1.0,1.0,1.0,1.0
78,#4E4E4E,7.748916621889705,1.0,1.0,True,True,1.0,1.0,1.0,1.0
79,#4F4F4F,7.627893487755904,1.0,1.0,True,True,1.0,1.0,1.0,1.0
80,#505050,7.508841569883196,1.0,1.0,True,True,1.0,1.0,1.0,1.0
81,#515151,7.391744705076546,1.0,1.0,True,True,1.0,1.0,1.0,1.0
82,#525252,7.276585556058391,1.0,1.0,True,True,1.0,1.0,1.0,1.0
83,#535353,7.163345716281762,1.0,1.0,True,True,1.0,1.0,1.0,1.0
84,#545454,7.0520058094502405,1.0,1.0,True,True,1.0,1.0,1.0,1.0
85,#555555,6.942545583862467,1.0,1.0,True,True,1.0,1.0,1.0,1.0
86,#565656,6.834944001711257,1.0,1.0,True,True,1.0,1.0,1.0,1.0
87,#575757,6.729179323477606,1.0,1.0,True,True,1.0,1.0,1.0,1.0
88,#585858,6.625229187568015,1.0,1.0,True,True,1.0,1.0,1.0,1.0
89,#595959,6.523070685350036,1.0,1.0,True,True,1.0,1.0,1.0,1.0
90,#5A5A5A,6.4226804317456985,1.0,1.0,True,True,1.0,1.0,1.0,1.0
91,#5B5B5B,6.324034631545845,1.0,1.0,True,True,1.0,1.0,1.0,1.0
92,#5C5C5C,6.2271091416103905,1.0,1.0,True,True,1.0,1.0,1.0,1.0
93,#5D5D5D,6.131879529120578,1.0,1.0,True,True,1.0,1.0,1.0,1.0
94,#5E5E5E,6.038321126049048,1.0,1.0,True,True,1.0,1.0,1.0,1.0
95,#5F5F5F,5.946409080012705,1.0,1.0,True,True,1.0,1.0,1.0,1.0
96,#606060,5.856118401671539,1.0,1.0,True,True,1.0,1.0,1.0,1.0
97,#616161,5.767424008834244,1.0,1.0,True,True,1.0,1.0,1.0,1.0
98,#626262,5.6803007674284585,1.0,1.0,True,True,1.0,1.0,1.0,1.0
99,#636363,5.594723529490095,1.0,1.0,True,True,1.0,1.0,1.0,1.0
100,#646464,5.510667168322376,1.0,1.0,True,True,1.0,1.0,1.0,1.0
101,#656565,5.428106610971056,1.0,1.0,True,True,1.0,1.0,1.0,1.0
102,#666666,5.347016868157969,1.0,1.0,True,True,1.0,1.0,1.0,1.0
103,#676767,5.267373061810401,1.0,1.0,True,True,1.0,1.0,1.0,1.0
104,#686868,5.189150450319086,1.0,1.0,True,True,1.0,1.0,1.0,1.0
105,#696969,5.112324451652805,1.0,1.0,True,True,1.0,1.0,1.0,1.0
106,#6A6A6A,5.036870664452637,1.0,1.0,True,True,1.0,1.0,1.0,1.0
107,#6B6B6B,4.962764887224051,1.0,1.0,True,True,1.0,1.0,1.0,1.0
108,#6C6C6C,4.889983135740045,1.0,1.0,True,True,1.0,1.0,1.0,1.0
109,#6D6D6D,4.818501658763777,1.0,1.0,True,True,1.0,1.0,1.0,1.0
110,#6E6E6E,4.748296952194169,1.0,1.0,True,True,1.0,1.0,1.0,1.0
111,#6F6F6F,4.679345771733346,1.0,1.0,True,True,1.0,1.0,1.0,1.0
112,#707070,4.611625144170046,1.0,1.0,True,True,1.0,1.0,1.0,1.0
113,#717171,4.545112377368607,1.0,1.0,True,True,1.0,1.0,1.0,1.0
114,#727272,4.479785069048736,-0.02,0.998845,False,False,1.0,1.0,0.9971121527212481,1.0
115,#737373,4.415621114436901,-0.02,0.995178,False,False,1.0,1.0,0.9879458734909858,1.0
116,#747474,4.352598712866052,-0.02,0.991577,False,False,1.0,1.0,0.9789426732665789,1.0
117,#757575,4.290696373396366,-0.02,0.98804,False,False,1.0,1.0,0.9700994819137665,1.0
118,#767676,4.22989291952573,-0.02,0.984565,False,False,1.0,1.0,0.9614132742179614,1.0
119,#777777,4.170167493055047,-0.02,0.981152,False,False,1.0,1.0,0.9528810704364352,1.0
120,#787878,4.111499557169728,-0.02,0.9778,False,False,1.0,1.0,0.9444999367385326,1.0
121,#797979,4.053868898795361,-0.02,0.974507,False,False,1.0,1.0,0.9362669855421945,1.0
122,#7A7A7A,3.9972556302821776,-0.02,0.971272,False,False,1.0,1.0,0.9281793757545969,1.0
123,#7B7B7B,3.941640190469838,-0.02,0.968094,False,False,1.0,1.0,0.9202343129242626,1.0
124,#7C7C7C,3.8870033451809127,-0.02,0.964972,False,False,1.0,1.0,0.912429049311559,1.0
125,#7D7D7D,3.83332618718868,-0.02,0.961904,False,False,1.0,1.0,0.9047608838840971,1.0
126,#7E7E7E,3.7805901357020275,-0.02,0.958891,False,False,1.0,1.0,0.8972271622431468,1.0
127,#7F7F7F,3.7287769354076206,-0.02,0.95593,False,False,1.0,1.0,0.8898252764868029,1.0
128,#808080,3.677868655107072,-0.02,0.953021,False,False,1.0,1.0,0.882552665015296,1.0
129,#818181,3.6278476859844053,-0.02,0.950163,False,False,1.0,1.0,0.8754068122834865,1.0
130,#828282,3.5786967395369365,-0.02,0.947354,False,False,1.0,1.0,0.8683852485052767,1.0
131,#838383,3.5303988452005033,-0.02,0.944594,False,False,1.0,1.0,0.8614855493143576,1.0
132,#848484,3.4829373476979844,-0.02,0.941882,False,False,1.0,1.0,0.8547053353854264,1.0
133,#858585,3.436295904138191,-0.02,0.939217,False,False,1.0,1.0,0.8480422720197416,1.0
134,#868686,3.3904584808902984,-0.02,0.936598,False,False,1.0,1.0,0.8414940686986141,1.0
135,#878787,3.345409350257416,-0.02,0.934023,False,False,1.0,1.0,0.8350584786082023,1.0
136,#888888,3.301133086971194,-0.02,0.931493,False,False,1.0,1.0,0.828733298138742,1.0
137,#898989,3.2576145645278713,-0.02,0.929007,False,False,1.0,1.0,0.8225163663611245,1.0
138,#8A8A8A,3.214838951384781,-0.02,0.926562,False,False,1.0,1.0,0.8164055644835402,1.0
139,#8B8B8B,3.1727917070349148,-0.02,0.92416,False,False,1.0,1.0,0.8103988152907021,1.0
140,#8C8C8C,3.1314585779759567,-0.02,0.921798,False,False,1.0,1.0,0.8044940825679938,1.0
141,#8D8D8D,3.090825593588954,-0.02,0.919476,False,False,1.0,1.0,0.7986893705127077,1.0
142,#8E8E8E,3.0508790619406727,-0.02,0.917193,False,False,1.0,1.0,0.7929827231343818,1.0
143,#8F8F8F,3.011605565522685,-0.02,0.914949,False,False,1.0,1.0,0.7873722236460978,1.0
144,#909090,2.9729919569392025,-0.02,0.912742,False,False,1.0,1.0,0.7818559938484575,1.0
145,#919191,2.9350253545547322,-0.02,0.910573,False,False,1.0,1.0,0.7764321935078189,1.0
146,#929292,2.897693138111841,-0.02,0.90844,False,False,1.0,1.0,0.771099019730263,1.0
147,#939393,2.8609829443283874,-0.02,0.906342,False,False,1.0,1.0,0.7658547063326268,1.0
148,#949494,2.8248826624829335,-0.02,0.904279,False,False,1.0,1.0,0.7606975232118476,1.0
149,#959595,2.789380429996262,-0.02,0.90225,False,False,1.0,1.0,0.7556257757137517,1.0
150,#969696,2.754464628016259,-0.02,0.900255,False,False,1.0,1.0,0.7506378040023227,1.0
151,#979797,2.720123877012866,-0.02,0.898293,False,False,1.0,1.0,0.7457319824304094,1.0
152,#989898,2.68634703238914,-0.02,0.896363,False,False,1.0,1.0,0.7409067189127343,1.0
153,#999999,2.6531231801139663,-0.02,0.894464,False,False,1.0,1.0,0.7361604543019952,1.0
154,#9A9A9A,2.6204416323814677,-0.02,0.892597,False,False,1.0,1.0,0.7314916617687811,1.0
155,#9B9B9B,2.5882919233016324,-0.02,0.89076,False,False,1.0,1.0,0.7268988461859475,1.0
156,#9C9C9C,2.556663804626309,-0.02,0.888952,False,False,1.0,1.0,0.7223805435180441,1.0
157,#9D9D9D,2.525547241514261,-0.02,0.887174,False,False,1.0,1.0,0.717935320216323,1.0
158,#9E9E9E,2.494932408338593,-0.02,0.885425,False,False,1.0,1.0,0.713561772619799,1.0
159,#9F9F9F,2.4648096845395493,-0.02,0.883703,False,False,1.0,1.0,0.7092585263627927,1.0
160,#A0A0A0,2.4351696505252995,-0.02,0.88201,False,False,1.0,1.0,0.7050242357893285,1.0
161,#A1A1A1,2.40600308362307,-0.02,0.880343,False,False,1.0,1.0,0.7008575833747243,1.0
162,#A2A2A2,2.3773009540826515,-0.02,0.878703,False,False,1.0,1.0,0.6967572791546646,1.0
163,#A3A3A3,2.349054421134104,-0.02,0.877089,False,False,1.0,1.0,0.6927220601620148,1.0
164,#A4A4A4,2.321254829101184,-0.02,0.8755,False,False,1.0,1.0,0.6887506898715977,1.0
165,#A5A5A5,2.2938937035718268,-0.02,0.873937,False,False,1.0,1.0,0.6848419576531182,1.0
166,#A6A6A6,2.2669627476268066,-0.02,0.872398,False,False,1.0,1.0,0.680994678232401,1.0
167,#A7A7A7,2.2404538381274874,-0.02,0.870883,False,False,1.0,1.0,0.6772076911610696,1.0
168,#A8A8A8,2.2143590220634235,-0.02,0.869392,False,False,1.0,1.0,0.6734798602947748,1.0
169,#A9A9A9,2.1886705129604014,-0.02,0.867924,False,False,1.0,1.0,0.6698100732800574,1.0
170,#AAAAAA,2.1633806873493304,-0.02,0.866479,False,False,1.0,1.0,0.6661972410499044,1.0
171,#ABABAB,2.1384820812963286,-0.02,0.865056,False,False,1.0,1.0,0.662640297328047,1.0
172,#ACACAC,2.113967386994122,-0.02,0.863655,False,False,1.0,1.0,0.6591381981420175,1.0
173,#ADADAD,2.0898294494148684,-0.02,0.862276,False,False,1.0,1.0,0.6556899213449812,1.0
174,#AEAEAE,2.0660612630243196,-0.02,0.860918,False,False,1.0,1.0,0.6522944661463314,1.0
175,#AFAFAF,2.0426559685571863,-0.02,0.85958,False,False,1.0,1.0,0.6489508526510266,1.0
176,#B0B0B0,2.0196068498534956,-0.02,0.858263,False,False,1.0,1.0,0.6456581214076422,1.0
177,#B1B1B1,1.9969073307556005,-0.02,0.856966,False,False,1.0,1.0,0.6424153329650858,1.0
178,#B2B2B2,1.974550972065471,-0.02,0.855689,False,False,1.0,1.0,0.6392215674379245,1.0
179,#B3B3B3,1.9525314685618256,-0.02,0.85443,False,False,1.0,1.0,0.6360759240802608,1.0
180,#B4B4B4,1.9308426460765784,-0.02,0.853191,False,False,1.0,1.0,0.6329775208680826,1.0
181,#B5B5B5,1.909478458630054,-0.02,0.85197,False,False,1.0,1.0,0.6299254940900076,1.0
182,#B6B6B6,1.8884329856243616,-0.02,0.850768,False,False,1.0,1.0,0.6269189979463374,1.0
183,#B7B7B7,1.8677004290942651,-0.02,0.849583,False,False,1.0,1.0,0.6239572041563236,1.0
184,#B8B8B8,1.847275111014887,-0.02,0.848416,False,False,1.0,1.0,0.6210393015735552,1.0
185,#B9B9B9,1.8271514706654939,-0.02,0.847266,False,False,1.0,1.0,0.6181644958093563,1.0
186,#BABABA,1.8073240620486444,-0.02,0.846133,False,False,1.0,1.0,0.615332008864092,1.0
187,#BBBBBB,1.7877875513639043,-0.02,0.845016,False,False,1.0,1.0,0.6125410787662721,1.0
188,#BCBCBC,1.7685367145353394,-0.02,0.843916,False,False,1.0,1.0,0.6097909592193342,1.0
189,#BDBDBD,1.7495664347919815,-0.02,0.842832,False,False,1.0,1.0,0.6070809192559974,1.0
190,#BEBEBE,1.7308717003004142,-0.02,0.841764,False,False,1.0,1.0,0.6044102429000592,1.0
191,#BFBFBF,1.7124476018486643,-0.02,0.840711,False,False,1.0,1.0,0.6017782288355235,1.0
192,#C0C0C0,1.694289330580529,-0.02,0.839674,False,False,1.0,1.0,0.5991841900829328,1.0
193,#C1C1C1,1.6763921757794766,-0.02,0.838651,False,False,1.0,1.0,0.5966274536827824,1.0
194,#C2C2C2,1.658751522701271,-0.02,0.837643,False,False,1.0,1.0,0.5941073603858958,1.0
195,#C3C3C3,1.6413628504544309,-0.02,0.836649,False,False,1.0,1.0,0.591623264350633,1.0
196,#C4C4C4,1.6242217299276667,-0.02,0.83567,False,False,1.0,1.0,0.5891745328468095,1.0
197,#C5C5C5,1.607323821763421,-0.02,0.834704,False,False,1.0,1.0,0.586760545966203,1.0
198,#C6C6C6,1.5906648743766294,-0.02,0.833752,False,False,1.0,1.0,0.5843806963395185,1.0
199,#C7C7C7,1.5742407220178567,-0.02,0.832814,False,False,1.0,1.0,0.5820343888596938,1.0
200,#C8C8C8,1.5580472828799188,-0.02,0.831888,False,False,1.0,1.0,0.5797210404114169,1.0
201,#C9C9C9,1.5420805572471539,-0.02,0.830976,False,False,1.0,1.0,0.5774400796067363,1.0
202,#CACACA,1.526336625686473,-0.02,0.830076,False,False,1.0,1.0,0.575190946526639,1.0
203,#CBCBCB,1.5108116472793518,-0.02,0.829189,False,False,1.0,1.0,0.5729730924684788,1.0
204,#CCCCCC,1.4955018578939274,-0.02,0.828314,False,False,1.0,1.0,0.5707859796991325,1.0
205,#CDCDCD,1.480403568496355,-0.02,0.827452,False,False,1.0,1.0,0.568629081213765,1.0
206,#CECECE,1.4655131635006247,-0.02,0.826601,False,False,1.0,1.0,0.5665018805000892,1.0
207,#CFCFCF,1.4508270991560115,-0.02,0.825762,False,False,1.0,1.0,0.5644038713080016,1.0
208,#D0D0D0,1.4363419019713588,-0.02,0.824934,False,False,1.0,1.0,0.5623345574244798,1.0
209,#D1D1D1,1.4220541671754108,-0.02,0.824117,False,False,1.0,1.0,0.5602934524536302,1.0
210,#D2D2D2,1.4079605572124125,-0.02,0.823312,False,False,1.0,1.0,0.5582800796017732,1.0
211,#D3D3D3,1.3940578002721995,-0.02,0.822518,False,False,1.0,1.0,0.5562939714674571,1.0
212,#D4D4D4,1.3803426888540355,-0.02,0.821734,False,False,1.0,1.0,0.5543346698362908,1.0
213,#D5D5D5,1.366812078363442,-0.02,0.820961,False,False,1.0,1.0,0.5524017254804917,1.0
214,#D6D6D6,1.353462885741291,-0.02,0.820198,False,False,1.0,1.0,0.5504946979630415,1.0
215,#D7D7D7,1.3402920881244396,-0.02,0.819445,False,False,1.0,1.0,0.5486131554463485,1.0
216,#D8D8D8,1.3272967215372005,-0.02,0.818703,False,False,1.0,1.0,0.5467566745053144,1.0
217,#D9D9D9,1.3144738796129496,-0.02,0.81797,False,False,1.0,1.0,0.5449248399447071,1.0
218,#DADADA,1.301820712345186,-0.02,0.817247,False,False,1.0,1.0,0.5431172446207408,1.0
219,#DBDBDB,1.2893344248673817,-0.02,0.816533,False,False,1.0,1.0,0.5413334892667688,1.0
220,#DCDCDC,1.2770122762609555,-0.02,0.815829,False,False,1.0,1.0,0.5395731823229937,1.0
221,#DDDDDD,1.264851578390727,-0.02,0.815134,False,False,1.0,1.0,0.5378359397701039,1.0
222,#DEDEDE,1.2528496947672223,-0.02,0.814449,False,False,1.0,1.0,0.536121384966746,1.0
223,#DFDFDF,1.2410040394352018,-0.02,0.813772,False,False,1.0,1.0,0.5344291484907431,1.0
224,#E0E0E0,1.2293120758878147,-0.02,0.813104,False,False,1.0,1.0,0.5327588679839735,1.0
225,#E1E1E1,1.2177713160057768,-0.02,0.812444,False,False,1.0,1.0,0.5311101880008252,1.0
226,#E2E2E2,1.2063793190209844,-0.02,0.811793,False,False,1.0,1.0,0.5294827598601406,1.0
227,#E3E3E3,1.1951336905040069,-0.02,0.81115,False,False,1.0,1.0,0.5278762415005724,1.0
228,#E4E4E4,1.1840320813748806,-0.02,0.810516,False,False,1.0,1.0,0.5262902973392687,1.0
229,#E5E5E5,1.1730721869366771,-0.02,0.80989,False,False,1.0,1.0,0.524724598133811,1.0
230,#E6E6E6,1.1622517459312927,-0.02,0.809272,False,False,1.0,1.0,0.5231788208473275,1.0
231,#E7E7E7,1.1515685396169422,-0.02,0.808661,False,False,1.0,1.0,0.521652648516706,1.0
232,#E8E8E8,1.1410203908668513,-0.02,0.808058,False,False,1.0,1.0,0.5201457701238359,1.0
233,#E9E9E9,1.1306051632886334,-0.02,0.807463,False,False,1.0,1.0,0.5186578804698048,1.0
234,#EAEAEA,1.120320760363872,-0.02,0.806875,False,False,1.0,1.0,0.5171886800519817,1.0
235,#EBEBEB,1.1101651246074242,-0.02,0.806295,False,False,1.0,1.0,0.5157378749439178,1.0
236,#ECECEC,1.1001362367459757,-0.02,0.805722,False,False,1.0,1.0,0.5143051766779966,1.0
237,#EDEDED,1.090232114915398,-0.02,0.805156,False,False,1.0,1.0,0.5128903021307711,1.0
238,#EEEEEE,1.0804508138764504,-0.02,0.804597,False,False,1.0,1.0,0.5114929734109215,1.0
239,#EFEFEF,1.0707904242483945,-0.02,0.804045,False,False,1.0,1.0,0.5101129177497706,1.0
240,#F0F0F0,1.0612490717600989,-0.02,0.8035,False,False,1.0,1.0,0.5087498673942998,1.0
241,#F1F1F1,1.0518249165182079,-0.02,0.802961,False,False,1.0,1.0,0.5074035595026011,1.0
242,#F2F2F2,1.042516152291975,-0.02,0.802429,False,False,1.0,1.0,0.5060737360417107,1.0
243,#F3F3F3,1.033321005814359,-0.02,0.801904,False,False,1.0,1.0,0.5047601436877656,1.0
244,#F4F4F4,1.024237736098996,-0.02,0.801385,False,False,1.0,1.0,0.503462533728428,1.0
245,#F5F5F5,1.0152646337726723,-0.02,0.800872,False,False,1.0,1.0,0.5021806619675246,1.0
246,#F6F6F6,1.006400020422912,-0.02,0.800366,False,False,1.0,1.0,0.5009142886318446,1.0
247,#F7F7F7,1.002363324172043,-0.02,0.800135,False,False,1.0,1.0,0.5003376177388633,1.0
248,#F8F8F8,1.011132878357423,-0.02,0.800636,False,False,1.0,1.0,0.5015904111939176,1.0
249,#F9F9F9,1.0199494137177334,-0.02,0.80114,False,False,1.0,1.0,0.5028499162453904,1.0
250,#FAFAFA,1.0288130018912724,-0.02,0.801646,False,False,1.0,1.0,0.5041161431273247,1.0
251,#FBFBFB,1.0377237143531037,-0.02,0.802156,False,False,1.0,1.0,0.5053891020504434,1.0
252,#FCFCFC,1.046681622416049,-0.02,0.802668,False,False,1.0,1.0,0.5066688032022927,1.0
253,#FDFDFD,1.0556867972316601,-0.02,0.803182,False,False,1.0,1.0,0.5079552567473801,1.0
254,#FEFEFE,1.0647393097911944,-0.02,0.803699,False,False,1.0,1.0,0.5092484728273134,1.0
255,#FFFFFF,1.0738392309265699,-0.02,0.804219,False,False,1.0,1.0,0.5105484615609386,1.0
