seed,case,capped_v1,uncapped_v1,success,essential_constraints_pass,constraints,visibility,contrast,layout
0,reference,1.0,1.0,True,True,1.0,1.0,1.0,1.0
0,low_contrast,-0.02,0.804219,False,False,1.0,1.0,0.5105484615609386,1.0
0,wrong_headline,-0.02,0.7,False,False,0.6666666666666666,1.0,1.0,1.0
0,tiny_headline,-0.02,0.8,False,False,1.0,0.5,1.0,1.0
0,clipped_headline,-0.02,0.8,False,False,1.0,0.5,1.0,1.0
0,missing_cta,-0.3,-0.3,False,False,0.3333333333333333,0.5,0.5,0.0
0,misaligned_cta,0.955,0.955,False,True,1.0,1.0,1.0,0.85
0,covered_headline,-0.02,0.8,False,False,1.0,0.5,1.0,1.0
0,duplicate_cta,-0.02,0.8,False,False,1.0,0.5,1.0,1.0
0,neutral_image_color,1.0,1.0,True,True,1.0,1.0,1.0,1.0
0,irrelevant_decoration,1.0,1.0,True,True,1.0,1.0,1.0,1.0
1,reference,1.0,1.0,True,True,1.0,1.0,1.0,1.0
1,low_contrast,-0.02,0.804219,False,False,1.0,1.0,0.5105484615609386,1.0
1,wrong_headline,-0.02,0.7,False,False,0.6666666666666666,1.0,1.0,1.0
1,tiny_headline,-0.02,0.8,False,False,1.0,0.5,1.0,1.0
1,clipped_headline,-0.02,0.8,False,False,1.0,0.5,1.0,1.0
1,missing_cta,-0.3,-0.3,False,False,0.3333333333333333,0.5,0.5,0.0
1,misaligned_cta,0.955,0.955,False,True,1.0,1.0,1.0,0.85
1,covered_headline,-0.02,0.8,False,False,1.0,0.5,1.0,1.0
1,duplicate_cta,-0.02,0.8,False,False,1.0,0.5,1.0,1.0
1,neutral_image_color,1.0,1.0,True,True,1.0,1.0,1.0,1.0
1,irrelevant_decoration,1.0,1.0,True,True,1.0,1.0,1.0,1.0
2,reference,1.0,1.0,True,True,1.0,1.0,1.0,1.0
2,low_contrast,-0.02,0.804219,False,False,1.0,1.0,0.5105484615609386,1.0
2,wrong_headline,-0.02,0.7,False,False,0.6666666666666666,1.0,1.0,1.0
2,tiny_headline,-0.02,0.8,False,False,1.0,0.5,1.0,1.0
2,clipped_headline,-0.02,0.8,False,False,1.0,0.5,1.0,1.0
2,missing_cta,-0.3,-0.3,False,False,0.3333333333333333,0.5,0.5,0.0
2,misaligned_cta,0.955,0.955,False,True,1.0,1.0,1.0,0.85
2,covered_headline,-0.02,0.8,False,False,1.0,0.5,1.0,1.0
2,duplicate_cta,-0.02,0.8,False,False,1.0,0.5,1.0,1.0
2,neutral_image_color,1.0,1.0,True,True,1.0,1.0,1.0,1.0
2,irrelevant_decoration,1.0,1.0,True,True,1.0,1.0,1.0,1.0
3,reference,1.0,1.0,True,True,1.0,1.0,1.0,1.0
3,low_contrast,-0.02,0.804219,False,False,1.0,1.0,0.5105484615609386,1.0
3,wrong_headline,-0.02,0.7,False,False,0.6666666666666666,1.0,1.0,1.0
3,tiny_headline,-0.02,0.8,False,False,1.0,0.5,1.0,1.0
3,clipped_headline,-0.02,0.8,False,False,1.0,0.5,1.0,1.0
3,missing_cta,-0.3,-0.3,False,False,0.3333333333333333,0.5,0.5,0.0
3,misaligned_cta,0.955,0.955,False,True,1.0,1.0,1.0,0.85
3,covered_headline,-0.02,0.8,False,False,1.0,0.5,1.0,1.0
3,duplicate_cta,-0.02,0.8,False,False,1.0,0.5,1.0,1.0
3,neutral_image_color,1.0,1.0,True,True,1.0,1.0,1.0,1.0
3,irrelevant_decoration,1.0,1.0,True,True,1.0,1.0,1.0,1.0
4,reference,1.0,1.0,True,True,1.0,1.0,1.0,1.0
4,low_contrast,-0.02,0.804219,False,False,1.0,1.0,0.5105484615609386,1.0
4,wrong_headline,-0.02,0.7,False,False,0.6666666666666666,1.0,1.0,1.0
4,tiny_headline,-0.02,0.8,False,False,1.0,0.5,1.0,1.0
4,clipped_headline,-0.02,0.8,False,False,1.0,0.5,1.0,1.0
4,missing_cta,-0.3,-0.3,False,False,0.3333333333333333,0.5,0.5,0.0
4,misaligned_cta,0.955,0.955,False,True,1.0,1.0,1.0,0.85
4,covered_headline,-0.02,0.8,False,False,1.0,0.5,1.0,1.0
4,duplicate_cta,-0.02,0.8,False,False,1.0,0.5,1.0,1.0
4,neutral_image_color,1.0,1.0,True,True,1.0,1.0,1.0,1.0
4,irrelevant_decoration,1.0,1.0,True,True,1.0,1.0,1.0,1.0
5,reference,1.0,1.0,True,True,1.0,1.0,1.0,1.0
5,low_contrast,-0.02,0.804219,False,False,1.0,1.0,0.5105484615609386,1.0
5,wrong_headline,-0.02,0.7,False,False,0.6666666666666666,1.0,1.0,1.0
5,tiny_headline,-0.02,0.8,False,False,1.0,0.5,1.0,1.0
5,clipped_headline,-0.02,0.8,False,False,1.0,0.5,1.0,1.0
5,missing_cta,-0.3,-0.3,False,False,0.3333333333333333,0.5,0.5,0.0
5,misaligned_cta,0.955,0.955,False,True,1.0,1.0,1.0,0.85
5,covered_headline,-0.02,0.8,False,False,1.0,0.5,1.0,1.0
5,duplicate_cta,-0.02,0.8,False,False,1.0,0.5,1.0,1.0
5,neutral_image_color,1.0,1.0,True,True,1.0,1.0,1.0,1.0
5,irrelevant_decoration,1.0,1.0,True,True,1.0,1.0,1.0,1.0
6,reference,1.0,1.0,True,True,1.0,1.0,1.0,1.0
6,low_contrast,-0.02,0.804219,False,False,1.0,1.0,0.5105484615609386,1.0
6,wrong_headline,-0.02,0.7,False,False,0.6666666666666666,1.0,1.0,1.0
6,tiny_headline,-0.02,0.8,False,False,1.0,0.5,1.0,1.0
6,clipped_headline,-0.02,0.8,False,False,1.0,0.5,1.0,1.0
6,missing_cta,-0.3,-0.3,False,False,0.3333333333333333,0.5,0.5,0.0
6,misaligned_cta,0.955,0.955,False,True,1.0,1.0,1.0,0.85
6,covered_headline,-0.02,0.8,False,False,1.0,0.5,1.0,1.0
6,duplicate_cta,-0.02,0.8,False,False,1.0,0.5,1.0,1.0
6,neutral_image_color,1.0,1.0,True,True,1.0,1.0,1.0,1.0
6,irrelevant_decoration,1.0,1.0,True,True,1.0,1.0,1.0,1.0
7,reference,1.0,1.0,True,True,1.0,1.0,1.0,1.0
7,low_contrast,-0.02,0.804219,False,False,1.0,1.0,0.5105484615609386,1.0
7,wrong_headline,-0.02,0.7,False,False,0.6666666666666666,1.0,1.0,1.0
7,tiny_headline,-0.02,0.8,False,False,1.0,0.5,1.0,1.0
7,clipped_headline,-0.02,0.8,False,False,1.0,0.5,1.0,1.0
7,missing_cta,-0.3,-0.3,False,False,0.3333333333333333,0.5,0.5,0.0
7,misaligned_cta,0.955,0.955,False,True,1.0,1.0,1.0,0.85
7,covered_headline,-0.02,0.8,False,False,1.0,0.5,1.0,1.0
7,duplicate_cta,-0.02,0.8,False,False,1.0,0.5,1.0,1.0
7,neutral_image_color,1.0,1.0,True,True,1.0,1.0,1.0,1.0
7,irrelevant_decoration,1.0,1.0,True,True,1.0,1.0,1.0,1.0
8,reference,1.0,1.0,True,True,1.0,1.0,1.0,1.0
8,low_contrast,-0.02,0.804219,False,False,1.0,1.0,0.5105484615609386,1.0
8,wrong_headline,-0.02,0.7,False,False,0.6666666666666666,1.0,1.0,1.0
8,tiny_headline,-0.02,0.8,False,False,1.0,0.5,1.0,1.0
8,clipped_headline,-0.02,0.8,False,False,1.0,0.5,1.0,1.0
8,missing_cta,-0.3,-0.3,False,False,0.3333333333333333,0.5,0.5,0.0
8,misaligned_cta,0.955,0.955,False,True,1.0,1.0,1.0,0.85
8,covered_headline,-0.02,0.8,False,False,1.0,0.5,1.0,1.0
8,duplicate_cta,-0.02,0.8,False,False,1.0,0.5,1.0,1.0
8,neutral_image_color,1.0,1.0,True,True,1.0,1.0,1.0,1.0
8,irrelevant_decoration,1.0,1.0,True,True,1.0,1.0,1.0,1.0
9,reference,1.0,1.0,True,True,1.0,1.0,1.0,1.0
9,low_contrast,-0.02,0.804219,False,False,1.0,1.0,0.5105484615609386,1.0
9,wrong_headline,-0.02,0.7,False,False,0.6666666666666666,1.0,1.0,1.0
9,tiny_headline,-0.02,0.8,False,False,1.0,0.5,1.0,1.0
9,clipped_headline,-0.02,0.8,False,False,1.0,0.5,1.0,1.0
9,missing_cta,-0.3,-0.3,False,False,0.3333333333333333,0.5,0.5,0.0
9,misaligned_cta,0.955,0.955,False,True,1.0,1.0,1.0,0.85
9,covered_headline,-0.02,0.8,False,False,1.0,0.5,1.0,1.0
9,duplicate_cta,-0.02,0.8,False,False,1.0,0.5,1.0,1.0
9,neutral_image_color,1.0,1.0,True,True,1.0,1.0,1.0,1.0
9,irrelevant_decoration,1.0,1.0,True,True,1.0,1.0,1.0,1.0
10,reference,1.0,1.0,True,True,1.0,1.0,1.0,1.0
10,low_contrast,-0.02,0.804219,False,False,1.0,1.0,0.5105484615609386,1.0
10,wrong_headline,-0.02,0.7,False,False,0.6666666666666666,1.0,1.0,1.0
10,tiny_headline,-0.02,0.8,False,False,1.0,0.5,1.0,1.0
10,clipped_headline,-0.02,0.8,False,False,1.0,0.5,1.0,1.0
10,missing_cta,-0.3,-0.3,False,False,0.3333333333333333,0.5,0.5,0.0
10,misaligned_cta,0.955,0.955,False,True,1.0,1.0,1.0,0.85
10,covered_headline,-0.02,0.8,False,False,1.0,0.5,1.0,1.0
10,duplicate_cta,-0.02,0.8,False,False,1.0,0.5,1.0,1.0
10,neutral_image_color,1.0,1.0,True,True,1.0,1.0,1.0,1.0
10,irrelevant_decoration,1.0,1.0,True,True,1.0,1.0,1.0,1.0
11,reference,1.0,1.0,True,True,1.0,1.0,1.0,1.0
11,low_contrast,-0.02,0.804219,False,False,1.0,1.0,0.5105484615609386,1.0
11,wrong_headline,-0.02,0.7,False,False,0.6666666666666666,1.0,1.0,1.0
11,tiny_headline,-0.02,0.8,False,False,1.0,0.5,1.0,1.0
11,clipped_headline,-0.02,0.8,False,False,1.0,0.5,1.0,1.0
11,missing_cta,-0.3,-0.3,False,False,0.3333333333333333,0.5,0.5,0.0
11,misaligned_cta,0.955,0.955,False,True,1.0,1.0,1.0,0.85
11,covered_headline,-0.02,0.8,False,False,1.0,0.5,1.0,1.0
11,duplicate_cta,-0.02,0.8,False,False,1.0,0.5,1.0,1.0
11,neutral_image_color,1.0,1.0,True,True,1.0,1.0,1.0,1.0
11,irrelevant_decoration,1.0,1.0,True,True,1.0,1.0,1.0,1.0
